Nome,Autor,Editora,ISBN,Ano-Compra,Lido
1984,George Orwell,Clube de Literatura Clássica,,2023,Sim
Coração das Trevas,Joseph Conrad,Clube de Literatura Clássica,,2023,Abandonado
Contos do Grotesco e do Arabesco,Edgar Allan Poe,Clube de Literatura Clássica,,2023,Abandonado
Don Juan,Lord Byron,Clube de Literatura Clássica,978-658-7036-75-5,2023,Não
O Finado Mattia Pascal,Luigi Pirandello,Clube de Literatura Clássica,978-65-87036-76-2,2023,Não
A Conciência de Zeno,Italo Svevo,Clube de Literatura Clássica,,2023,Não
Fábulas de Esopo,Esopo,Clube de Literatura Clássica,978-65-87036-88-5,2023,Não
Ilusões Perdidas,Honoré de Balzac,Clube de Literatura Clássica,978-65-87036-74-8,2023,Não
Jerusalem Libertada,Torquato Tasso,Clube de Literatura Clássica,978-65-87036-33-5,2023,Não
Saga de Njall,Anônimo,Clube de Literatura Clássica,,2023,Não
Um Diário do Ano da Peste,Daniel Defoe,Clube de Literatura Clássica,,2023,Não
Madame Bovary,Gustave Flaubert,Clube de Literatura Clássica,978-65-87036-71-7,2023,Não
Os Trabalhadores do Mar,Victor Hugo,Clube de Literatura Clássica,978-65-87036-38-0,2023,Não
Crime e Castigo,Fiódor Dostoiévski,Clube de Literatura Clássica,978-65-87036-14-4,2023,Não
Irmãos Karamazov,Fiódor Dostoiévski,Clube de Literatura Clássica,,2023,Não
Pais e Filhos,Ivan Turguêniev,Clube de Literatura Clássica,978-65-87036-82-3,2023,Não
Memorias Póstumas de Brás Cubas,Machado de Assis,Clube de Literatura Clássica,978-65-87036-64-9,2023,Não
Dom Casmurro,Machado de Assis,Clube de Literatura Clássica,978-65-87036-03-8,2023,Sim
Caetés,Graciliano Ramos,Clube de Literatura Clássica,,2023,Não
São Bernardo,Graciliano Ramos,Clube de Literatura Clássica,,2023,Não
Angústia*,Graciliano Ramos,Clube de Literatura Clássica,,2023,Não
Vidas Secas,Graciliano Ramos,Clube de Literatura Clássica,,2023,Sim
Viagem ao Redor do meu Quarto,Xavier de Maistre,Clube de Literatura Clássica,,2023,Não
Contos do Casmurro,Machado de Assis,Clube de Literatura Clássica,,2023,Não
Saga de Gunnlaugr Lingua-de-Serpente,Anônimo,Clube de Literatura Clássica,,2023,Não
Vida de Esopo,Anônimo,Clube de Literatura Clássica,,2023,Não
A Conciência de Svevo,Italo Svevo,Clube de Literatura Clássica,,2023,Não
Diário de um Homem Superfluo,Ivan Turguêniev,Clube de Literatura Clássica,,2023,Não
A fazenda dos Animais,George Orwell,Clube de Literatura Clássica,,2023,Sim
Torquato Tasso,Johann Wolfgang von Goethe,Clube de Literatura Clássica,978-65-87036-34-2,2023,Não
Três contos,Gustave Flaubert,Clube de Literatura Clássica,978-65-87036-72-4,2023,Não
Eureka,Edgar Allan Poe,Clube de Literatura Clássica,,2023,Não
O Último Dia de um Condenado,Victor Hugo,Clube de Literatura Clássica,,2023,Não
A Peste Escarlate,Jack London,Clube de Literatura Clássica,978-65-87036-26-7,2023,Não
Seis Personagens em Busca de um Autor,Luigi Pirandello,Clube de Literatura Clássica,,2023,Não
Cadernos do Subterraneo,Fiódor Dostoiévski,Clube de Literatura Clássica,,2023,Não
Juventude,Joseph Conrad,Clube de Literatura Clássica,,2023,Não
Auto da Barca do Inferno,Gil Vicente,L&PM,,,Sim
O Caçador de Pipas,Khaled Hosseini,Nova Fronteira,,,Não
O Livro dos Cinco Aneis,Miyamoto Musashi,Pé da Letra,,,Não
A Biblioteca da Meia Noite,Matt Haig,Bertrand Brasil,,,Sim
Os três Maridos de Evelyn Hugo,Taylor Jenkins Reid,Paralela,,,Não
Dasy Jones and The Six,Taylor Jenkins Reid,Paralela,,,Não
O Deus e o Imperador,Sam Meekings,Argumento,,,Sim
Verity,Colleen Hoover,Galera Record,,,Não
Os Dois Morrem no Final,Adam Silvera,Intrinseca,,,Não
Marley e Eu,John Grogan,Pockt Ouro,,,Sim
Grande Sertão: Veredas,João Guimarães Rosa,Companhia das Letras,,,Não
Os Sertões,Euclides da Cunha,Principis,,,Não
Angustia*,Graciliano Ramos,Record,,,Abandonado
A Hora da Estrela,Clarice Lispector,Rocco,,,Não
O Meu Pé de Laranja Lima,José Mauro de Vasconcelos,Melhoramentos,,,Sim
Tudo é Rio,Carla Madeira,Record,,,Não
Eu Receberia as Piores Notícias dos Seus Lindos Lábios,Marçal Aquino,Companhia das Letras,,,Não
Onze Minutos,Paulo Coelho,Paralela,,,Sim
O Alquimista,Paulo Coelho,Planeta,,,Sim
Batalhas de Um Pracinha,Antonio Walter Santim,Edição do Autor,,,Não
Projeto Nacional: O Dever da Esperança,Ciro Gomes,Leya,,2020,Não
Livro do Desassossego,Fernando Pessoa,Principis,,,Não
O Alienista,Machado de Assis,Principis,,,Não
Memorias de uma costureira,Teresinha de Jesus Almeida,Edição do Autor,,,Sim
Trilogia dos Espinhos - Prince of Thorns**,Mark Lawrence,Darkside,,,Sim
Trilogia dos Espinhos - King of Thorns,Mark Lawrence,Darkside,,,Não
Trilogia dos Espinhos - Emperor of Thorns,Mark Lawrence,Darkside,,,Não
O Médico e o Monstro e Outros Experimentos*,Robert Louis Stevenson,Darkside,,,Não
Frankenstein,Mary Shelley,Darkside,,,Sim
Morro dos Ventos Uivantes,Emily Brontë,Darkside,,,Sim
Drácula,Bram Stoker,Darkside,,,Sim
Carmilla,J. Sheridan Le Fanu,Pandorga,,,Não
Nobreza de Sangue,Michael Sanches,Pandorga,,,Não
O Labirinto do Fauno,Guillermo del Toro e Cornelia Funke,Intrinseca,,,Sim
O Casal que Mora ao Lado,Shari Lapena,Record,,,Não
A Paciente Silenciosa,Alex Michaelides,Record,,,Não
Morte Súbita,J. K. Rowling,Grua Livros,,,Abandonado
O Cão dos Barkerville,Arthur Conan Doyle,Record,,,Sim
Vampiratas - Demonios do Oceano**,Justin Somper,Galera,,,Sim
Vampiratas - Mar de Terror,Justin Somper,Galera,,,Abandonado
Vampiratas - Coração Negro,Justin Somper,Galera,,,Não
Vampiratas - Capitão de Sangue,Justin Somper,Galera,,,Não
Vampiratas - Demonios del Oceano,Justin Somper,Montena,,2015,Sim
Vampiratas - Una Ola de Terror,Justin Somper,Montena,,2015,Não
O Médico e o Monstro ** *,Robert Louis Stevenson,Principis,,,Sim
Lendas Japonesas,Yei Theodora Ozaki,Darkside,,,Sim
Jane Eyre,Charlotte Brontë,Zahar,,2019,Sim
Moby Dick,Herman Melville,Zahar,,2026,Não
Persuasão,Jane Austen,Zahar,,,Não
O Corcunda de Notre Dame,Victor Hugo,Zahar,,,Não
Shirley,Charlotte Brontë,Martin Claret,,2026,Não
Emma,Jane Austen,Martin Claret,,2026,Não
Os Miseráveis,Victor Hugo,Martin Claret,,2026,Não
O Conde de Monte Cristo,Alexandre Dumas,Martin Claret,,2026,Não
Hamlet,William Shakespeare,Martin Claret,,2026,Sim
A letra Escarlate,Nathaniel Hawthorne,Martin Claret,,2026,Não
O Homem que Calculava,Malba Tahan,Record,,2026,Não
Os sofrimentos do Jovem Werther,Johann Wolfgang von Goethe,Penguin e Companhia,,2025,Não
A mulher de trinta anos,Honoré de Balzac,Penguin e Companhia,,2025,Sim
Dom Quixote - Tomo 1,Miguel de Cervantes,Penguin e Companhia,,2026,Não
Dom Quixote - Tomo 2,Miguel de Cervantes,Penguin e Companhia,,2026,Não
Macbeth,William Shakespeare,Pé da Letra,,,Não
Caninos Brancos,Jack London,Pé da Letra,,,Sim
A Metamorfose,Franz Kafka,Principis,,2023,Não
O Processo,Franz Kafka,Principis,,2023,Não
O Castelo,Franz Kafka,Principis,,2023,Não
Assim Falou Zaratrusta,Friedrich Nietzsche,Companhia das Letras,,,Não
Senhor das Moscas,William Golding,Alfaguara,,,Não
O Velho e o Mar,Ernest Hemingway,Bertrand Brasil,,2025,Sim
O Sol é para Todos,Harper Lee,José Olympio,,,Sim
Mrs Dalloway,Virginia Woolf,Lafonte,,2023,Não
O menino do Pijama Lsitrado,John Boyne,Seguinte,,,Não
Percy Jackson e os Olimpianos - O Ladrão de Raios**,Rick Riordan,Intrinseca,,2018,Sim
Percy Jackson e os Olimpianos - Mar de Monstros**,Rick Riordan,Intrinseca,,2018,Sim
Percy Jackson e os Olimpianos - A Maldição do Titã**,Rick Riordan,Intrinseca,,2018,Sim
Percy Jackson e os Olimpianos - A Batalha no Labirinto**,Rick Riordan,Intrinseca,,2018,Sim
Percy Jackson e os Olimpianos - O Último Olimpiano,Rick Riordan,Intrinseca,,2018,Sim
Os Heróis do Olimpo - O Herói Perdido,Rick Riordan,Intrinseca,,2018,Sim
Os Heróis do Olimpo - O Filho de Netuno,Rick Riordan,Intrinseca,,2018,Sim
Os Heróis do Olimpo - O Sangue do Olimpo,Rick Riordan,Intrinseca,,2018,Sim
Os Heróis do Olimpo - A Marca de Atena,Rick Riordan,Intrinseca,,2018,Sim
Os Heróis do Olimpo - A Casa de Hades - sumiu,Rick Riordan,Intrinseca,,2018,Sim
Fronteiras do Universo - A Faca Sutil,Philip Pullman,Suma,,2020,Sim
Fronteiras do Universo - A Luneta Ambar,Philip Pullman,Suma,,2020,Sim
A Crônica do Matador de Rei -  O Nome do Vento,Patrick Rothfuss,Arqueiro,,2023,Relendo
A Crônica do Matador de Rei - O Temor do Sábio,Patrick Rothfuss,Arqueiro,,2023,Não
A Crônica do Matador de Rei - A Música do Silêncio,Patrick Rothfuss,Arqueiro,,2023,Não
A Crônica do Matador de Rei - O Estreito Caminho entre Desejos,Patrick Rothfuss,Arqueiro,,2024,Não
Rainha do Crime - O Mistério dos Sete Relógios,Agatha Christie,Harper Collins,,2022,Sim
Rainha do Crime - Crimes ABC,Agatha Christie,Harper Collins,,2022,Não
Rainha do Crime - Os Trabalhos de Hércules,Agatha Christie,Harper Collins,,2022,Não
Rainha do Crime - A Maldicão do Espelho,Agatha Christie,Harper Collins,,2022,Não
Rainha do Crime - Cem Gramas de Centeio,Agatha Christie,Harper Collins,,2022,Sim
Rainha do Crime - Nêmesis,Agatha Christie,Harper Collins,,2022,Não
Rainha do Crime - E Não Sobrou Nenhum,Agatha Christie,Globo,,2022,Sim
A Guerra da Papoula 1,R. F. Kuang,Intrinseca,,2024,Não
A Guerra da Papoula 2 -  A republica do Dragão,R. F. Kuang,Intrinseca,,2024,Não
A Guerra da Papoula 3 - A Deusa em Chamas,R. F. Kuang,Intrinseca,,2024,Não
Millenium - Os Homens que não Amavam as Mulheres **,Stieg Larsson,Companhia das Letras,,2022,Não
Millenium - A Menina que Brincava com Fogo **,Stieg Larsson,Companhia das Letras,,2022,Não
O Cemitério dos Livros Esquecidos - A Sombra do Vento,Carlos Ruiz Zafón,Suma,,2024,Sim
Ciclo de Avalon - Ancestrais de Avalon,Marion Zimmer Bradley e Diana L. Paxson,Planeta Minotauro,,2025,Sim
Ciclo de Avalon - Os Corvos de Avalon,Marion Zimmer Bradley e Diana L. Paxson,Planeta Minotauro,,2026,Não
Ciclo de Avalon - A casa da Floresta,Marion Zimmer Bradley,Planeta Minotauro,,2026,Não
Ciclo de Avalon - A espada de Avalon,Marion Zimmer Bradley e Diana L. Paxson,Planeta Minotauro,,2026,Não
Ciclo de Avalon - A Senhora de Avalon,Marion Zimmer Bradley e Diana L. Paxson,Rocco,,2024,Não
Anne de GreenGables,L. M. Montgomery,Principis,,2023,Não
Rangers Ordem dos Arqueiros - Livro 6 **,John Flanagan,Fundamentos,,2022,Não
Ps Eu te Amo,Cecelia Ahern,Harper Collins,,2026,Não
O Menino que Descobriu o Vento,William Kamkwamba e Bryan Mealer,Principis,,2026,Não
O Guia do Mochileiro das Galáxias,Douglas Adams,,,2020,Sim
O Restaurante no Fim do Mundo,Douglas Adams,,,2020,Não
"A Vida, o Universo e Tudo Mais",Douglas Adams,,,2020,Não
"Até Mais, e Obrigada Pelos Peixes",Douglas Adams,,,2020,Não
Praticamente Inofensiva,Douglas Adams,,,2020,Não
Hainish Cycle - A Mão Esquerda da Escuridão,Ursula K. Le Guin,,,,Não
Hainish Cycle - Os Despossuídos,Ursula K. Le Guin,,,,Não
O Conto da Aia,Margaret Atwood,,,2019,Sim
O Conto da Aia - Os Testamentos,Margaret Atwood,,,,Sim
Jogos Vorazes - A Cantiga dos Pássaros e das Serpentes,Suzanne Collins,,,2024,Sim
Jogos Vorazes - Amanhecer na Colheita,Suzanne Collins,,,2025,Sim
Jogos Vorazes - Juegos del Hambre,Suzanne Collins,,,2015,Não
Battle Royale,Koushun Takami,,,,Sim
Admirável Mundo Novo,Aldous Huxley,,,,Sim
Fahrenheit 451,Ray Bradbury,,,,Não
Maus,Art Spiegelman,,,,Sim
Cobra Kai : A Saga Karatê Kid Continua: A História de Johnny,Denton J. Tipton,,,,Não
Terra-média - O Hobbit - Em quadrinhos,J. R. R. Tolkien,,,2026,Não
Sapiens - O Nascimento da Humanidade,Yuval Noah Harari,,,,Não
Sapiens - Os Pilares da Civilização,Yuval Noah Harari,,,,Não
Nana 1,Ai Yazawa,,,2025,Não
Nana 2,Ai Yazawa,,,2025,Não
Nana 3,Ai Yazawa,,,2025,Não
Nana 4,Ai Yazawa,,,2025,Não
Nana 5,Ai Yazawa,,,2025,Não
Livro das Mil e Uma Noites - Ramo Sírio - 1,Mamede Mustafa Jarouche,Biblioteca Azul,,2025,Lendo
Livro das Mil e Uma Noites - Ramo Sírio - 2,Mamede Mustafa Jarouche,Biblioteca Azul,,2025,Não
Livro das Mil e Uma Noites - Ramo Egípcio - 3,Mamede Mustafa Jarouche,Biblioteca Azul,,2025,Não
Livro das Mil e Uma Noites - Ramo Egípcio - 4,Mamede Mustafa Jarouche,Biblioteca Azul,,2025,Não
Livro das Mil e Uma Noites - Ramo Egípcio - 5,Mamede Mustafa Jarouche,Biblioteca Azul,,2025,Não
Arvore e Folha,J. R. R. Tolkien,Harper Collins,,,Sim
A Batalha de Maldom,J. R. R. Tolkien,Harper Collins,,,Não
Terra-média - O Silmarillion,J. R. R. Tolkien,Harper Collins,,,Sim
Terra-média -  Beren e Luthien,J. R. R. Tolkien,Harper Collins,,,Sim
Terra-média -  Os Filhos de Hurin,J. R. R. Tolkien,Harper Collins,,,Sim
Terra-média - A Queda de Gondolim,J. R. R. Tolkien,Harper Collins,,,Não
Terra-média - A Queda de Numenor,J. R. R. Tolkien,Harper Collins,,2026,Não
Terra-média - O Hobbit **,J. R. R. Tolkien,,,,Sim
Terra-média - Senhor dos Anéis - A Sociedade do Anel **,J. R. R. Tolkien,,,,Não
Terra-média - Senhor dos Anéis - As Duas Torres **,J. R. R. Tolkien,,,,Não
Terra-média - Senhor dos Anéis - O Retorn do Rei **,J. R. R. Tolkien,,,,Não
Harry Potter 1 - e a Pedra Filosofal - dobradura,J. K. Rowling,MinaLima,,,Não
Harry Potter 2 - e a Camara Secreta - dobradura,J. K. Rowling,MinaLima,,,Sim
Harry Potter 3 - e o Prisioneiro de Askaban - dobradura,J. K. Rowling,MinaLima,,,Sim
Harry Potter - Os Contos de Beedle o Bardo - ilustrado,J. K. Rowling,Rocco,,,Sim
Harry Potter -  Animais Fantásticos e Onde Habitam - ilustrado,J. K. Rowling,Rocco,,2026,Não
Harry Potter - Natal em Hogwarts - ilustrado,J. K. Rowling,Rocco,,,Sim
Harry Potter 1 - e a Pedra Filosofal - ilustrado,J. K. Rowling,Jim Kay,,2026,Não
Harry Potter 2 - e a Camara Secreta - ilustrado,J. K. Rowling,Jim Kay,,2026,Não
Harry Potter 3 - e o Prisioneiro de Askaban - ilustrado,J. K. Rowling,Jim Kay,,2026,Não
Harry Potter 1 - e a Pedra Filosofal,J. K. Rowling,Rocco,,2026,Sim
Harry Potter 2 - e a Câmara Secreta,J. K. Rowling,Rocco,,2026,Sim
Harry Potter 3 - e o Prisioneiro de Askaban,J. K. Rowling,Rocco,,2026,Sim
Harry Potter 4 - e o Cálice de Fogo,J. K. Rowling,Rocco,,2026,Sim
Harry Potter 5 - e a Ordem da Fênix,J. K. Rowling,Rocco,,2026,Sim
Harry Potter 6 - e o Principe Mestiço,J. K. Rowling,Rocco,,2026,Sim
Harry Potter 7 - e as Relíquias da Morte,J. K. Rowling,Rocco,,2026,Sim
Mundo de Tinta 3 - Morte de Tinta,Cornelia Funke,Seguinte,,2026,Não
Mundo de Tinta 4 - A cor da Vingança,Cornelia Funke,Seguinte,,2026,Não
A Sétima Ordem,Michelly Gassmann,Literare Books Internacional,,,Lendo
Ponte Para Terabítia,Katherine Paterson,,,,Sim
O Garoto do Riquixá,Lao She,,,,Sim
Viagem ao Centro da Terra,Jules Verne,,,,Não
Vinte Mil Léguas Submarinas,Jules Verne,,,,Não
Oliver Twist,Charles Dickens,,,,Não
Robin Hood,Howard Pyle,,,,Abandonado
Phantastes,George MacDonald,,,,Não
A Princesa e o Goblin,George MacDonald,,,,Não
As Lendas do Rei Arthur e seus Cavaleiros,James Knowles,,,,Não
Os Três Mosqueteiros,Alexandre Dumas,,,,Não
O Jardim Secreto,Frances Hodgson Burnett,,,,Sim
A Princesinha,Frances Hodgson Burnett,,,,Sim
Pollyanna,Eleanor H. Porter,,,,Sim
Pollyanna moça,Eleanor H. Porter,,,,Abandonado
O Maravilhoso Mágico de Oz,L. Frank Baum,,,,Sim
As Aventuras de Pinoquio,Carlo Collodi,,,,Sim
O Pequeno Principe,Antoine de Saint-Exupéry,,,,Sim
Malala: a Menina que Queria ir para a Escola,Adriana Carranca,,,,Sim
O Menino do Dedo Verde,Maurice Druon,,,,Sim
"Por Causa de Você, Mãe",Kobi Yamada,,,,Sim
O Ickabog,J. K. Rowling,,,,Sim
Alice no Páis das Maravilhas,Lewis Carroll,,,,Sim
Alice Através do Espelho,Lewis Carroll,,,,Sim
Matilda,Roald Dahl,,,,Sim
As Bruxas,Roald Dahl,,,,Não
A Fantástica Fábrica de Chocolate,Roald Dahl,,,,Não
Fantástico Senhor Raposo,Roald Dahl,,,,Sim
O Cisne e o Trompete,E. B. White,,,,Não
Stuart Little,E. B. White,,,,Sim
A Teia de Charlotte,E. B. White,,,,Sim
Ferreiro do Bosque Maior,J. R. R. Tolkien,,,,Sim
Mestre Giles d'Aldeia,J. R. R. Tolkien,,,,Sim
Roverando,J. R. R. Tolkien,,,,Sim
"Carta Errante, Avó Atrapalhada, Menina Aniversariante",Mirna Pinsky,,,,Sim
Amanhã,Lúcia Hiratsuka,,,,Sim
O Menino Marrom,Ziraldo,,,,Sim
A Arvore em Mim,Corinna Luyken,,,,Sim
Amiga Ursa,Rita Lee,,,,Sim
Tudo bem Não ser Normal - O menino que se Alimentava de Pesadelos,Jo Yong; Jam San,,,,Sim
Tudo bem Não ser Normal - Criança Zumbi,Jo Yong; Jam San,,,,Sim
Tudo bem Não ser Normal - A Mão e o Tamboril,Jo Yong; Jam San,,,,Sim
Tudo bem Não ser Normal - O Cão Alegre,Jo Yong; Jam San,,,,Sim
Tudo bem Não ser Normal - Em Busca da Feição Real,Jo Yong; Jam San,,,,Sim
A Montanha do Poder,Patrícia Engel Secco,,,,Sim
Pela Porta do Coração,Regina Coeli Rennó,FDT,85-322-2367-2,,Sim
Turma da Onça Pintada -  Cadê o Rodolfo?,Anônimo,Oca,978-65-86962-10-9,,Sim
Turma da Onça Pintada -  Romeu foi Clonado?,Anônimo,Oca,978-65-86962-09-3,,Sim
Turma da Onça Pintada - Uma Nova Amizade,Anônimo,Oca,978-65-86962-09-3,,Sim
Turma da Onça Pintada - A grande corrida,Anônimo,Oca,978-65-86962-10-9,,Sim
Turma da Onça Pintada - Festa na Floresta,Anônimo,Oca,978-65-86962-10-9,,Sim
The Next-Door Dogs,Rodowsky/Bates,FSG,978-0-374-36410-6,,Não
Moby Dick Adaptado - Bilingue,Herman Melville,Pé da Letra,,,Não
O Poder dos Quietos,Herman Melville,,,,Abandonado
Mentes Consumistas,Ana Beatriz Barbosa Silva,,,,Não
A Morte é um Dia que se Vale a Pena Viver,Ana Claudia Quintana Arantes,,,,Não
Ventosaterapia,Antonio Augusto Cunha,,,,Não
Helena Blavatsky,Silvia Cranston,,,,Não
A Voz do Silêncio,Helena P. Blavatsky,,,,Não
Porque Ética é mais Importante do que a Religião,Dalai Lama,,,,Sim
Fernão Capelo Gaivota,Richard Bach,,,,Sim
O Livro Egipcio dos Mortos,Anônimo,,,,Não
O Livro do Caminho e da Virtude,Lao-Tsé,,,,Não
Introdução ao Budismo,Geshe Kelsang Gyatso,,,,Não
O Principío do Relógio de Sol,Masanobu Taniguchi,,,,Não
Crônicas da Galileia: Histórias do Tempo de Jesus,Carlos Henrique; psicografia de Angelo Dias,,,,Sim
Fonte Viva,Francisco Cândido Xavier; Emmanuel,,,,Abandonado
Evangelho Segundo o Espiritismo,Allan Kardec,,,,Abandonado
Dias Melhores,Irmão José; psicografia de Carlos A. Baccelli,,,,Abandonado
Minutos de Sabedoria,C. Torres Pastorino,,,,Abandonado
Sutra Sagrada,Masaharu Taniguchi,,,,Sim
Biblia Sagrada,Anônimo,,,,Abandonado
Shinsokan e outras oraçõe,Masaharu Taniguchi,,,,Sim
Cem Anos de Solidão,Gabriel Garcia Marquez,Record,,2026,Não
O Castelo Animado,Diana Wynne Jones,Galera,,2026,Não
O Castelo Animado - O Castelo no Ar,Diana Wynne Jones,Galera,,2026,Não
O Castelo Animado - A casa dos muitos caminhos,Diana Wynne Jones,Galera,,2026,Não
Alchemised,SenLinYu,Intrinseca,,2026,Não
As vinhas da Ira,John Steinbeck,Record,,2026,Não
Velas Escarlates: conto feérico,Aleksandr Grin,Principis,,2026,Não
Cartas ao Papa Noel,J. R. R. Tolkien,Harper Collins,,2026,Não
Hamnet,Maggie O'Farrell,Intrinseca,,2026,Não
Ainda Estou Aqui,Marcelo Rubens Paiva,Alfaguara,,2026,Não
A Montanha Mágica,Thomas Mann,Penguin e Companhia,,2026,Não
O Povo do Ar 1 - O Principe Cruel,Holly Black,Galera,,2026,Não
O Povo do Ar 2 - O Rei Perverso,Holly Black,Galera,,2026,Não
O Povo do Ar 3 - A Rainha do Nada,Holly Black,Galera,,2026,Não
O Povo do Ar Spin Off 3 - O Canto Mais Escuro da Floresta,Holly Black,Galera,,2026,Não
Os Fragmentos do Bovadium,J. R. R. Tolkien,Harper Collins,,2026,Não
As aventuras de Pedro Coelho,Beatrix Potter,Companhia das Letrinhas,,2026,Sim
Ensaio Sobre a Cegueira,José Saramago,Companhia das Letras,,2026,Não
Os 77 Melhores Contos de Hans Christian Andersen,Hans Christian Andersen,Nova Fronteira,978-8520944295,2026,Não
A impostora: Yellowface,R. F. Kuang,Intrinseca,978-8551010075,2026,Não
Babel: Ou a Necessidade da Violência,R. F. Kuang,Intrinseca,978-8551008997,2026,Não
Coraline,Neil Gaiman,Intrinseca,978-8551006757,2026,Não
Heidi: A Menina dos Alpes,Johanna Spyri,Autêntica,978-6559280667,2026,Não
Desventuras em Série 1 - Mau Começo,Lemony Snicket,Seguinte,,2026,Sim
Desventuras em Série 2 - A Sala dos Répteis,Lemony Snicket,Seguinte,,2026,Sim
Desventuras em Série 3 - O Lago das Sanguessugas,Lemony Snicket,Seguinte,,2026,Sim
Desventuras em Série 4 - Serraria Baixo-Astral,Lemony Snicket,Seguinte,,2026,Sim
Desventuras em Série 5 - Inferno no Colégio Interno,Lemony Snicket,Seguinte,,2026,Sim
Desventuras em Série 6 - O Elevador Ersatz,Lemony Snicket,Seguinte,,2026,Sim
Desventuras em Série 7 - A Cidade Sinistra dos Corvos,Lemony Snicket,Seguinte,,2026,Não
Desventuras em Série 8 - O Hospital Hostil,Lemony Snicket,Seguinte,,2026,Não
Desventuras em Série 9 - O Espetáculo Carnívoro,Lemony Snicket,Seguinte,,2026,Não
Desventuras em Série 10 - O Escorregador de Gelo,Lemony Snicket,Seguinte,,2026,Não
Desventuras em Série 11 - A Gruta Gorgônea,Lemony Snicket,Seguinte,,2026,Não
Desventuras em Série 12 - O Penúltimo Perigo,Lemony Snicket,Seguinte,,2026,Não
Desventuras em Série 13 - O Fim,Lemony Snicket,Seguinte,,2026,Não
Crônicas de Âmbar 1 - Os Nove Príncipes de Âmbar,Roger Zelazny,Intrinseca,,2026,Não
Crônicas de Âmbar 2 - As Armas de Avalon,Roger Zelazny,Intrinseca,,2026,Não
Crônicas de Âmbar 3 - O Sinal do Unicórnio,Roger Zelazny,Intrinseca,,2026,Não
Crônicas de Âmbar 4 - A Mão de Oberon,Roger Zelazny,Intrinseca,,2026,Não
Crônicas de Âmbar 5 - As Cortes do Caos,Roger Zelazny,Intrinseca,,2026,Não
Crônicas de Âmbar 6 - Trunfos do Destino,Roger Zelazny,Intrinseca,,2026,Não
Crônicas de Âmbar 7 - O Sangue de Âmbar,Roger Zelazny,Intrinseca,,2026,Não
Crônicas de Âmbar 8 - O Sinal do Caos,Roger Zelazny,Intrinseca,,2026,Não
Crônicas de Âmbar 9 - Cavaleiro das Sombras,Roger Zelazny,Intrinseca,,2026,Não
Crônicas de Âmbar 10 - Príncipe do Caos,Roger Zelazny,Intrinseca,,2026,Não
